Name,Age,Country,Gender
Richelle,28,India,Female
Roosevelt,51,Indonesia,Male
Kristopher,48,Iran,Male
Carmelita,47,Iraq,Female
Kamala,38,Ireland,Female
Eliz,39,Isle of Man,Female
Awilda,44,Israel,Female
Hollis,32,Italy,Female
Beaulah,40,Jamaica,Female
Rachael,48,Japan,Female
Ila,32,Jersey,Female
Elbert,42,Johnston Island,Male
Marybelle,35,Jordan,Female
Thalia,28,Kazakhstan,Female
Annett,30,Kenya,Female
Lavona,22,Kiribati,Female
Krista,47,Kuwait,Female
Shelia,23,Kyrgyzstan,Male
Corie,48,Laos,Female
Layne,37,Latvia,Female
Hailey,35,Lebanon,Female
Michaela,24,Lesotho,Female
Tony,41,Liberia,Male
Lala,21,Libya,Female
Dione,46,Liechtenstein,Female
Brinda,38,Lithuania,Female
Branda,30,Luxembourg,Female
Lilly,43,Macau SAR China,Female
Albertina,24,Macedonia,Female
Cammy,28,Madagascar,Male
Alisha,50,Malawi,Female
Joline,45,Malaysia,Male
Lavada,26,Maldives,Male
Constance,48,Mali,Female
Maryjo,27,Malta,Male
Barb,27,Marshall Islands,Male
Aleida,30,Martinique,Female
Anibal,45,Mauritania,Male
Veronika,47,Mauritius,Female
Zoila,41,Mayotte,Female
Tobie,49,Metropolitan France,Male
Lorine,40,Mexico,Female
Mario,36,Micronesia,Male
Renea,31,Midway Islands,Female
Tamekia,33,Moldova,Female
Dianne,26,Monaco,Female
Tandy,35,Mongolia,Male
Luke,25,Montenegro,Male
Corinne,29,Montserrat,Male
Myrtle,40,Morocco,Male
Asia,21,Mozambique,Female
Shawna,47,Myanmar [Burma],Female
Vivien,48,Namibia,Female
Elissa,33,Nauru,Female
Simona,25,Nepal,Female
Granville,44,Netherlands,Male
Jacklyn,30,Netherlands Antilles,Female
Wanetta,45,Neutral Zone,Female
Evelina,29,New Caledonia,Female
Leila,28,New Zealand,Female
Coralee,48,Nicaragua,Female
George,43,Niger,Female
Earlie,43,Nigeria,Male
Clemencia,37,Niue,Female
Malisa,49,Norfolk Island,Female
Juan,32,North Korea,Male
Jolynn,47,North Vietnam,Male
Humberto,48,Northern Mariana Islands,Male
Becki,26,Norway,Female
Shirley,31,Oman,Female
Everette,40,Pacific Islands Trust Territory,Female
Lillie,29,Pakistan,Female
Fritz,31,Palau,Male
Charisse,22,Palestinian Territories,Female
Kali,23,Panama,Female
Divina,49,Panama Canal Zone,Female
Lashawnda,34,Papua New Guinea,Female
Anisa,32,Paraguay,Female
Evangelina,42,People's Democratic Republic of Yemen,Female
Laurine,41,Peru,Female
Towanda,21,Philippines,Female
Marchelle,24,Pitcairn Islands,Male
Pearle,29,Poland,Male
Miranda,32,Portugal,Female
Sharan,28,Puerto Rico,Male
Zaida,29,Qatar,Female
Coleman,47,Romania,Male
Josefina,38,Russia,Female
Fredric,36,Rwanda,Male
Catina,37,R‚union,Female
Shauna,49,Saint Barth‚lemy,Female
Adella,49,Saint Helena,Female
Lisha,32,Saint Kitts and Nevis,Female
Luz,51,Saint Lucia,Male
Miguel,31,Saint Martin,Male
Cristen,32,Saint Pierre and Miquelon,Male
Andrew,28,Saint Vincent and the Grenadines,Male
Ozella,47,Samoa,Female
Rod,47,San Marino,Male
Venessa,22,United States,Female